English,English - Plural,Translation - No Plural,Translation - Singluar,Translation - Plural,Similar to,Needs work,Note to Translator
Indicator Name,,Nombre del indicador,,,,,
Please enter a number larger than zero.,,Por favor ingrese un número mayor que cero.,,,,,#. Translators: Input form error message
Site,,Sitio,,,,,
Actual value,,Valor actual,,,,,
Measure against target,,Medida contra objetivo,,,,,
Project,,Proyecto,,,,,
Link to file or folder,,Enlace al archivo o carpeta,,,,,
Result date,,Fecha del resultado,,,,,
"You can begin entering results on {program_start_date}, the program start date",,"Puede comenzar a ingresar resultados el {program_start_date}, fecha de inicio del programa",,,,,
Please select a date between {program_start_date} and {program_end_date},,Por favor seleccione una fecha entre {program_start_date} y {program_end_date},,,,,
Please select a date between {program_start_date} and {todays_date},,Por favor seleccione una fecha entre {program_start_date} y {todays_date},,,,,
URL required if record name is set,,La URL es requerida si el nombre del registro está establecido,,,,,
years,,años,,,,,
semi-annual periods,,períodos semestrales,,,,,
tri-annual periods,,períodos trienales,,,,,
quarters,,trimestres,,,,,
months,,meses,,,,,
Show all,,Ver todo,,,,,
Most recent,,Más reciente,,,,,
Program,,Programa,,,,,
Time periods,,Períodos de tiempo,,,,,
enter a number,,ingrese un número,,,,,
Target periods,,Periodos objetivo,,,,,
Levels,,Niveles,,,,,
Types,,Tipos,,,,,
Sectors,,Sectores,,,,,
Sites,,Sitios,,,,,
Indicators,,Indicadores,,,,,
START,,COMIENZO,,,,,
END,,FIN,,,,,
TARGET PERIODS,,PERIODOS OBJETIVO,,,,,
Performance Indicator,,Indicador de rendimiento,,,,,
Targets,,Objetivos,,,,,
Data Acquisition,,Adquisición de datos,,,,,
Analyses and Reporting,,Análisis e informes,,,,,
Level,,Nivel,,,,,
No.,,No.,,,,,#. Translators: Number of the indicator being shown
Performance indicator,,Indicador de rendimiento,,,,,
Indicator source,,Origen del indicador,,,,,
Indicator definition,,Definición del indicador,,,,,
Disaggregation,,Desagregación,,,,,
Unit of measure,,Unidad de medida,,,,,
Direction of change,,Dirección de cambio,,,,,
# / %,,# / %,,,,,
Calculation,,Cálculo,,,,,
Baseline value,,Valor de referencia,,,,,
LOP target,,Objetivo LOP,,,,,
Rationale for target,,Justificación del objetivo,,,,,
Target frequency,,Frecuencia objetivo,,,,,
Means of verification,,Medios de verificación,,,,,
Data collection method,,Método de recopilación de datos,,,,,
Frequency of data collection,,Frecuencia de recopilación de datos,,,,,
Data points,,Puntos de datos,,,,,
Responsible person(s) & team,,Persona(s) o equipo responsable,,,,,
Method of analysis,,Método de análisis,,,,,
Information use,,Uso de información,,,,,
Frequency of reporting,,Frecuencia de informes,,,,,
Quality assurance measures,,Medidas de aseguramiento de la calidad,,,,,
Data issues,,Problemas de datos,,,,,
Comments,,Comentarios,,,,,
Indicator plan,,Plan de indicadores,,,,,
Name,,Nombre,,,,,
Table id,,Identificador de la tabla,,,,,
Owner,,Propietario,,,,,
Remote owner,,Propietario remoto,,,,,
Country,,País,,,,,
URL,,URL,,,,,
Unique count,,Recuento único,,,,,
Create date,,Fecha de creación,,,,,
Edit date,,Fecha de edición,,,,,
Indicator type,,Tipo de indicador,,,,,
Description,,Descripción,,,,,
Indicator Type,,Tipo de indicador,,,,,
Status,,Estado,,,,,
Country Strategic Objectives,,Objetivos Estratégicos del País,,,,,
Program Objective,,Objetivo del programa,,,,,
Customsort,,Customsort,,,,,
Disaggregation type,,Tipo de desagregación,,,,,
Standard (TolaData Admins Only),,Estándar (solo administradores de TolaData),,,,,
Label,,Etiqueta,,,,,
Disaggregation label,,Etiqueta de desagregación,,,,,
Value,,Valor,,,,,
Frequency,,Frecuencia,,,,,
Reporting Frequency,,Frecuencia de informes,,,,,
Frequency in number of days,,Frecuencia en cantidad de días,,,,,
Data Collection Frequency,,Frecuencia de recopilación de datos,,,,,
Reporting Period,,Período de información,,,,,
Feed URL,,URL de la fuente,,,,,
External Service,,Servicio externo,,,,,
External service,,Servicio externo,,,,,
Full URL,,URL completa,,,,,
Unique ID,,Identificación única,,,,,
External Service Record,,Registro de servicio externo,,,,,
Life of Program (LoP) only,,Vida del programa (LoP) solamente,,,,,
Midline and endline,,Línea media y línea final,,,,,
Annual,,Anual,,,,,#. Translators:  label for the date of the last completed Annual target period.
Semi-annual,,Semestral,,,,,
Tri-annual,,Trienal,,,,,
Quarterly,,Trimestral,,,,,#. Translators:  label for the date of the last completed Quarterly target period.
Monthly,,Mensual,,,,,#. Translators:  label for the date of the last completed Monthly target period.
Event,,Evento,,,,,
Number (#),,Número (#),,,,,
Percentage (%),,Porcentaje (%),,,,,
Direction of change (not applicable),,Dirección de cambio (no aplica),,,,,
Increase (+),,Aumentar (+),,,,,
Decrease (-),,Disminuir (-),,,,,
Indicator key,,Clave del Indicador,,,,,
Country Strategic Objective,,Objetivo estratégico del país,,,,,
Number,,Número,,,,,
Source,,Fuente,,,,,
Definition,,Definición,,,,,
Rationale or Justification for Indicator,,Razonamiento o justificación del indicador,,,,,
Unit Type,,Tipo de unidad,,,,,
Baseline,,Base,,,,,
Not applicable,,No aplica,,,,,
Life of Program (LoP) target,,Objetivo de Vida del Programa (LoP),,,,,
Direction of Change,,Dirección de cambio,,,,,
C / NC,,C / NC,,,,,
First event name,,Nombre del primer evento,,,,,
First target period begins*,,Comienza el primer período objetivo*,,,,,
Number of target periods*,,Número de períodos objetivo*,,,,,
Means of Verification / Data Source,,Medios de verificación / Fuente de datos,,,,,
Data Collection Method,,Método de recopilación de datos,,,,,
Frequency of Data Collection,,Frecuencia de recopilación de datos,,,,,
Responsible Person(s) and Team,,Persona(s) o equipo responsable,,,,,
Method of Analysis,,Método de análisis,,,,,
Information Use,,Uso de información,,,,,
Frequency of Reporting,,Frecuencia de informes,,,,,
Quality Assurance Measures,,Medidas de aseguramiento de la calidad,,,,,
Changes to Indicator,,Cambios en el indicador,,,,,
Sector,,Sector,,,,,
Key Performance Indicator for this program?,,¿Indicador clave de rendimiento para este programa?,,,,,
Approved by,,Aprobado por,,,,,
Approval submitted by,,Aprobación presentada por,,,,,
External Service ID,,Identificación de servicio externo,,,,,
Notes,,Notas,,,,,
Indicator,,Indicador,,,,,
#,,#,,,,,
%,,%,,,,,
-,,-,,,,,
+,,+,,,,,
Midline,,Línea media,,,,,
Endline,,Línea final,,,,,
Year,,Año,,,,,
Semi-annual period,,Períodos semestrales,,,,,
Tri-annual period,,Períodos trienales,,,,,
Quarter,,Trimestre,,,,,
Period,,Período,,,,,
Target,,Objetivo,,,,,#. Translators: The goal value the user wishes to reach
Start date,,Fecha de inicio,,,,,
End date,,Fecha final,,,,,
Periodic Target,,Objetivo periódico,,,,,
Data key,,Clave de Datos,,,,,
Periodic target,,Objetivo periódico,,,,,
Actual,,Real,,,,,#. Translators: The current value of the indicator
Disaggregation Value,,Valor de desagregación,,,,,
Project Initiation,,Iniciación de proyecto,,,,,
Project Complete,,Proyecto completo,,,,,
Date collected,,Fecha de recoplicación,,,,,
Evidence Document or Link,,Documento o enlace de evidencia,,,,,
Originated By,,Originado por,,,,,
TolaTable,,Tabla Tola,,,,,
Would you like to update the achieved total with the         row count from TolaTables?,,¿Desea actualizar el total alcanzado con el recuento de      filas de las tablas Tola?,,,,,
Record name,,Nombre del registro,,,,,
Evidence URL,,URL de la Evidencia,,,,,
Report Name,,Nombre del Informe,,,,,
Most recent {num_recent_periods} {time_or_target_period_str},,Últimos {num_recent_periods} {time_or_target_period_str},,,,,#. Translators: Example: Most recent 2 Months
Show all {time_or_target_period_str},,Ver todos los {time_or_target_period_str},,,,,#. Translators: Example: Show all Years
Show all results,,Ver todos los resultados,,,,,
Recent progress for all indicators,,Progreso reciente para todos los indicadores,,,,,
and,,y,,,,,
or,,o,,,,,
N/A,,N/A,,,,,
Indicators with targets,,Indicadores con objetivos,,,,,#. Translators: title of a graphic showing indicators with targets
have targets,,tienen objetivos,,,,,#. Translators: a label in a graphic. Example: 31% have targets
no targets,,sin objetivos,,,,,#. Translators: a label in a graphic. Example: 31% no targets
Indicators missing targets,,Indicadores sin objetivos,,,,,#. Translators: a link that displays a filtered list of indicators which are missing targets
have missing targets,,faltan objetivos,,,,,#. Translators: a label in a graphic. Example: 31% have missing targets
No targets,,Sin objetivos,,,,,
Indicators with results,,Indicadores con resultados,,,,,#. Translators: title of a graphic showing indicators with results
have results,,tienen resultados,,,,,#. Translators: a label in a graphic. Example: 31% have results
no results,,sin resultados,,,,,#. Translators: a label in a graphic. Example: 31% no results
Indicators missing results,,Indicadores sin resultados,,,,,#. Translators: a link that displays a filtered list of indicators which are missing results
have missing results,,faltan resultados,,,,,#. Translators: a label in a graphic. Example: 31% have missing results
No results,,Sin resultados,,,,,
Results with evidence,,Resultados con evidencia,,,,,#. Translators: title of a graphic showing results with evidence
have evidence,,hay evidencia adjunta,,,,,#. Translators: a label in a graphic. Example: 31% have evidence
no evidence,,no hay evidencia adjunta,,,,,#. Translators: a label in a graphic. Example: 31% no evidence
Indicators missing evidence,,Indicadores sin evidencia,,,,,#. Translators: a link that displays a filtered list of indicators which are missing evidence
have missing evidence,,faltan pruebas,,,,,#. Translators: a label in a graphic. Example: 31% have missing evidence
No evidence,,Sin evidencia,,,,,
of programs have all targets defined,,de los programas tienen todos los objetivos definidos,,,,,#. Translators: a label in a graphic. Example: 31% of programs have all targets defined
Each indicator must have a target frequency selected and targets entered for all periods.,,Cada indicador debe tener una frecuencia objetivo seleccionada y debe haber objetivos ingresados para todos los períodos.,,,,,"#. Translators: help text explaining why a certain percentage of indicators are marked ""missing targets"""
of indicators have reported results,,de los indicadores han reportado resultados,,,,,#. Translators: a label in a graphic. Example: 31% of indicators have reported results
Each indicator must have at least one reported result.,,Cada indicador debe tener al menos un resultado reportado.,,,,,"#. Translators: help text explaining why a certain percentage of indicators are marked ""missing results"""
of results are backed up with evidence,,de los resultados están respaldados por evidencia,,,,,#. Translators: a label in a graphic. Example: 31% of results are backed up with evidence
Each result must include a link to an evidence file or folder.,,Cada resultado debe incluir un enlace a un archivo o carpeta de evidencia.,,,,,"#. Translators: help text explaining why a certain percentage of indicators are marked ""missing evidence"""
Temporary,,Temporal,,,,,
"Success, Basic Indicator Created!",,"¡Éxito, indicador básico creado!",,,,,
Invalid Form,,Forma inválida,,,,,
"Success, Indicator Updated!",,"¡Éxito, indicador actualizado!",,,,,
"Success, Indicator Deleted!",,"¡Éxito, indicador eliminado!",,,,,
Reason for change is required.,,Se requiere justificación para el cambio.,,,,,
The indicator was successfully deleted.,,El indicador se ha eliminado satisfactoriamente.,,,,,
Reason for change is required,,Se requiere justificación para el cambio,,,,,#. Translators: Text of an error message that appears when a user hasn't provided a justification for the change they are making to some data
"Success, Data Created!",,"¡Éxito, datos creados!",,,,,
"Success, Data Updated!",,"¡Éxito, datos actualizados!",,,,,
Month,,Mes,,,,,
Cumulative,,Acumulativo,,,,,
Non-cumulative,,No acumulativo,,,,,
Please select a valid program.,,Por favor seleccione un programa válido.,,,,,
Please select a valid report type.,,Seleccione un tipo de informe válido.,,,,,
Indicator Performance Tracking Report,,Informe de seguimiento del rendimiento del indicador,,,,,
Life of Program,,Vida del programa,,,,,
% Met,,% cumplido,,,,,#. Translators: The ratio of the actual value to the target value as a precentage
IPTT report cannot be run on a program with a reporting period set in the future.,,No es posible ejecutar un informe IPTT con período de reporte en el futuro.,,,,,
"This is not the page you were looking for, you may be lost.",,"Esta no es la página que estabas buscando, puedes estar perdido.",,,,,
Additional Permissions Required,,Permisos Adicionales Requeridos,,,,,
You need permission to view this page.,,Necesita permisos para ver esta página.,,,,,
You can request permission from your TolaData administrator.,,Puede solicitar permisos a su administrador TolaData.,,,,,
" You can also reach the TolaData team by using the <a href=\""https://docs.google.com/forms/d/e/1FAIpQLSclm2PAT9TJ9q23TT6YWQg6hj3EndUAdyF5k6kvNJHu6njNtw/viewform\"">feedback form.</a>\n    ",," También puede contactar al equipo de TolaData utilizando el <a href=\""https://docs.google.com/forms/d/e/1FAIpQLSclm2PAT9TJ9q23TT6YWQg6hj3EndUAdyF5k6kvNJHu6njNtw/viewform\"">formulario de contacto</a>.\n      ",,,,,
Page Not found,,Página no encontrada,,,,,
Server Error,,Error del servidor,,,,,
Whoops!,,¡Ups!,,,,,
500 Error...Whoops something went wrong...,,Error 500... Whoops algo salió mal...,,,,,
There was a problem loading this page.  Please notify a systems administrator if you think you should not be seeing this page.,,Hubo un problema al cargar esta página. Por favor notifique a un administrador de sistemas si cree que no debería estar viendo esta página.,,,,,
Please correct the error below.,,Por favor corrija el siguiente error.,,,,,
Please correct the errors below.,,Por favor corrija los siguientes errores.,,,,,
"You are authenticated as %(username)s, but are not authorized to access this page. Would you like to log in to a different account?",,"Usted está autenticado como %(username)s, pero no está autorizado a acceder esta página. ¿Desea conectarse con una cuenta diferente?",,,,,
Forgotten your password or username?,,¿Ha olvidado su usuario o contraseña?,,,,,
Log in,,Iniciar sesión,,,,,
"\n    Are you a TolaActivity admin having trouble logging in? As part of our Partner Access release, we incorporated\n    new and improved administration tools into TolaActivity itself. Please visit TolaActivity and look for a section\n    called Admin.\n    ",,\n    ¿Es administrador de TolaActivity y tiene problemas para iniciar sesión? Hemos incorporado herramientas de administración nuevas y mejoradas  \n      dentro de TolaActivity como parte de nuestro lanzamiento de Acceso de Socios. Visite TolaActivity y busque la sección Administración.\n    ,,,,,
Browse,,Explorar,,,,,
Documents,,Documentos,,,,,
Projects,,Proyectos,,,,,
Stakeholders,,Partes interesadas,,,,,
Reports,,Informes,,,,,
Indicator Performance Tracking Table,,Tabla de seguimiento del rendimiento del indicador,,,,,
Indicator Disaggregation Report,,Informe de desagregación,,,,,
Project Report,,Informe del proyecto,,,,,
Admin,,Administración,,,,,
Users,,Usuarios,,,,,
Programs,,Programas,,,,,
Organizations,,Organizaciones,,,,,
Countries,,Países,,,,,
Settings,,Ajustes,,,,,
Log out,,Cerrar sesión,,,,,
Documentation,,Documentación,,,,,
FAQ,,Preguntas Frecuentes (FAQ),,,,,
Feedback,,Realimentación,,,,,
Network Error,,Error de red,,,,,
Please check your network connection and try again,,Verifique su conexión de red y vuelva a intentarlo,,,,,
Unknown network request error,,Error de solicitud de red desconocido,,,,,
"Sorry, you do not have permission to perform this action.",,Lo sentimos. Usted no tiene permiso para realizar esta acción.,,,,,
Let us know if you are having a problem or would like to see something change.,,Háganos saber si tiene algún problema o le gustaría ver algo cambiar.,,,,,
Help,,Ayuda,,,,,
No available programs,,No hay programas disponibles,,,,,#. Translators: Page title if the user has not selected country
change country,,cambiar país,,,,,
Sites with results,,Sitios con resultados,,,,,
Sites without results,,Sitios sin resultados,,,,,
Monitoring and Evaluation Status,,Estado de monitoreo y evaluación,,,,,
Are programs trackable and backed up with evidence?,,¿Los programas se rastreables y respaldados por evidencia?,,,,,
%(no_programs)s active programs,,%(no_programs)s programas activos,,,,,
\n    <h2>No available programs</h2>\n    ,,\n    <h2>No hay programas disponibles</h2>\n    ,,,,,
Program page,,Página del programa,,,,,
Recent progress report,,Informe de progreso reciente,,,,,
"\n                            Before adding indicators and performance results, we need to know your program's\n                            <a\n                                id=\""id_link_reporting_period_%(id)s\""\n                                class=\""\""\n                                href=\""#\""\n                                data-toggle=\""modal\""\n                                data-program=\""%(id)s\""\n                                data-progstart=\""%(start_date)s\""\n                                data-progend=\""%(end_date)s\""\n                                data-rptstart=\""%(reporting_period_start)s\""\n                                data-rptend=\""%(reporting_period_end)s\""\n                                data-indicator_count=\""%(program.indicator_count)s\""\n                                data-target=\""#id_reporting_period_modal\"">\n                                reporting start and end dates.\n                            </a>\n                            ",,"\n                            Antes de agregar indicadores y resultados de rendimiento, necesitamos saber las\n                            <a\n                                id=\""id_link_reporting_period_%(id)s\""\n                                class=\""\""\n                                href=\""#\""\n                                data-toggle=\""modal\""\n                                data-program=\""%(id)s\""\n                                data-progstart=\""%(start_date)s\""\n                                data-progend=\""%(end_date)s\""\n                                data-rptstart=\""%(reporting_period_start)s\""\n                                data-rptend=\""%(reporting_period_end)s\""\n                                data-indicator_count=\""%(program.indicator_count)s\""\n                                data-target=\""#id_reporting_period_modal\"">\n                                fechas de inicio y fin de informes.\n                            </a>\n                            ",,,,,
Your program administrator must initialize this program before you will be able to view or edit it,,El administrador del programa debe inicializar este programa antes que usted pueda verlo o editarlo,,,,,#. Translators: This message appears if users are trying to edit a program that isn't ready for viewing/editing.
No indicators have been entered for this program.,,No se han ingresado indicadores para este programa.,,,,,
Add indicator,,Agregar indicador,,,,,
Program metrics <small>for target periods completed to date</small>,,Métricas del programa <small>para períodos objetivo completados hasta la fecha</small>,,,,,
"\n                        <h4>All indicators are missing targets.</h4>\n                        <p>Visit the <a href=\""%(program_page_url)s\"">Program page</a> to set up targets.</p>\n                        ",,"\n                        <h4>Faltan objetivos en todos los indicadores.</h4>\n                        <p>Visite la <a href=\""%(program_page_url)s\"">Página de Programa</a> para configurar objetivos.</p>\n                        ",,,,,
"\n    <p>\n        You do not have permission to view any programs. You can request permission from your TolaData administrator.\n    </p>\n    <p>\n        You can also reach the TolaData team by using the <a href=\""https://docs.google.com/forms/d/e/1FAIpQLSclm2PAT9TJ9q23TT6YWQg6hj3EndUAdyF5k6kvNJHu6njNtw/viewform\"">feedback form.</a>\n    </p>\n    ",,"\n    <p>\n        Usted no tiene permisos para ver ningún programa. Puede solicitar permisos a su administrador TolaData.\n    </p>\n    <p>\n        También puede contactar al equipo TolaData a través del <a href=\""https://docs.google.com/forms/d/e/1FAIpQLSclm2PAT9TJ9q23TT6YWQg6hj3EndUAdyF5k6kvNJHu6njNtw/viewform\"">formulario de contacto</a>.\n    </p>\n    ",,,,,"#. Translators: message shown when there are no programs available to the user, or no active programs in a country"
Site with result,,Sitio con resultados,,,,,
Site without result,,Sitio sin resultados,,,,,
Dashboard,,Tablero,,,,,
Program Projects by Status,,Proyectos de programa por estado,,,,,
for,,para,,,,,
Initiation,,Iniciación,,,,,
Tracking,,Rastreo,,,,,
"Number of Approved, Pending or Open Projects",,"Número de proyectos aprobados, pendientes o abiertos",,,,,
Approved,,Aprobado,,,,,
Pending,,Pendiente,,,,,
Awaiting Approval,,Esperando aprobación,,,,,
Open,,Abierto,,,,,
KPI Targets v. Actuals,,Objetivos de KPI frente a los datos reales,,,,,
Results,,Resultados,,,,,
Actuals,,Datos reales,,,,,"#. Translators: in the sense of ""actual values"""
is awaiting your,,está esperando su,,,,,
approval,,aprobación,,,,,
All,,Todos,,,,,
Filter by Program,,Filtrar por programa,,,,,
Add project,,Agregar proyecto,,,,,
Indicator Evidence Leaderboard,,Leaderboard de evidencia de indicadores,,,,,
Indicator Data,,Datos del indicador,,,,,
W/Evidence,,Con evidencia,,,,,
Indicator Evidence,,Evidencia del indicador,,,,,
Strategic Objectives,,Objetivos estratégicos,,,,,
# of Indicators,,# de indicadores,,,,,
Target/Actuals,,Objetivo/Datos reales,,,,,
No indicators currently aligned with country strategic objectives.,,No hay indicadores actualmente alineados con los objetivos estratégicos del país.,,,,,
Milestones,,Hitos,,,,,
Current Adoption Status,,Estado de adopción actual,,,,,
Adoption of Workflow,,Adopción de Workflow,,,,,
Total Programs,,Programas totales,,,,,
Using Workflow,,Usando Workflow,,,,,
Adoption of Indicator,,Adopción del indicador,,,,,
Using Indicator Plans,,Uso de planes de indicadores,,,,,
Indicators w/ Evidence,,Indicadores con evidencia,,,,,
Total Results,,Resultados Totales,,,,,
Offline (No map provided),,Sin conexión (no se proporciona el mapa),,,,,
Dashboard report on indicator status by Country and Program,,Informe del tablero sobre el estado del indicador por país y programa,,,,,
TvA Report,,Informe TvA,,,,,
Indicator Disaggregation Report for,,Informe de desagregación de indicadores para,,,,,
IndicatorID,,Identificación del indicador,,,,,
Overall,,En general,,,,,
Type,,Tipo,,,,,
-- All --,,-- Todos --,,,,,
Export to PDF,,Exportar a PDF,,,,,
PID,,PID,,,,,
LOP Target,,Objetivo LOP,,,,,
Actual Total,,Total real,,,,,
No Disaggregation,,Sin desagregación,,,,,
No data available,,No hay datos disponibles,,,,,
Next,,Siguiente,,,,,
Previous,,Anterior,,,,,
Show _MENU_ entries,,Mostrar entradas de _MENU_,,,,,
Showing _START_ to _END_ of _TOTAL_ entries,,Mostrando entradas _START_ a _END_ de _TOTAL_,,,,,
Export to CSV,,Exportar a CSV,,,,,
Select a program before exporting it to PDF,,Seleccione un programa antes de exportarlo a PDF,,,,,
Indicator Confirm Delete,,Confirmar eliminación del indicador,,,,,
Are you sure you want to delete?,,¿Está seguro que quiere eliminarlo?,,,,,
Error reaching DIG service for list of indicators,,Error accediendo el servicio DIG para obtener la lista de indicadores,,,,,
Create an Indicator from an External Template.,,Cree un indicador a partir de una plantilla externa.,,,,,
Program based in,,Programa ubicado en,,,,,
"Are you adding a custom indicator or an indicator from the \""Design for Impact Guide (DIG)\""?",,"¿Está agregando un indicador personalizado o un indicador de la \""Guía de Diseño Para Impacto (DIG)\""?",,,,,
Custom indicator,,Indicador personalizado,,,,,
DIG indicator,,Indicador DIG,,,,,
-- select --,,- seleccionar -,,,,,
Save changes,,Guardar cambios,,,,,
Form Help/Guidance,,Ayuda del formulario / Guía,,,,,
Indicator setup,,Configuración del indicador,,,,,
indicator,,indicador,,,,,
"Any results assigned to these targets will need to be reassigned. For future reference, please provide a reason for deleting these targets.",,"Todos los resultados asignados a estos objetivos deben ser reasignados. Para referencia futura, indique la justificación para eliminar estos objetivos.",,,,,
"All details about this indicator and results recorded to the indicator will be permanently removed. For future reference, please provide a reason for deleting this indicator.",,"Todos los detalles sobre este indicador y resultados registrados a este indicador serán permanentemente eliminados. Para referencia futura, indique la justificación para eliminar este indicador.",,,,,
"Modifying target values will affect program metrics for this indicator. For future reference, please provide a reason for modifying target values.",,"Modificar los valores objetivo afectará las métricas para este indicador. Para referencia futura, indique la justificación para modificar los valores objetivo.",,,,,
This action cannot be undone.,,Esta acción no se puede deshacer.,,,,,
All details about this indicator will be permanently removed.,,Todos los detalles sobre este indicador serán permanentemente eliminados.,,,,,
Are you sure you want to delete this indicator?,,¿Está seguro de que desea eliminar este indicador?,,,,,
Are you sure you want to remove all targets?,,¿Está seguro de que desea eliminar todos los objetivos?,,,,,
Are you sure you want to remove this target?,,¿Está seguro de que desea eliminar este objetivo?,,,,,
"For future reference, please provide a reason for deleting this target.",,"Para referencia futura, indique la justificación para eliminar este objetivo.",,,,,
Success,,¡Éxito!,,,,,
Enter event name,,Ingrese el nombre del evento,,,,,
Enter target,,Ingrese el objetivo,,,,,
"Success, form data saved.",,"Éxito, datos de formulario guardados.",,,,,
Success!,,¡Éxito!,,,,,
View your indicator on the program page.,,Vea su indicador en la página del programa.,,,,,
Number of events,,Número de eventos,,,,,
Please complete this field. Your baseline can be zero.,,Por favor complete este campo. Su línea de base puede ser cero.,,,,,
Please enter a number larger than zero with no letters or symbols.,,Por favor ingrese un número mayor a cero sin letras ni símbolos.,,,,,
Please complete this field.,,Por favor complete este campo.,,,,,
You can start with up to 12 targets and add more later.,,Puede comenzar con hasta 12 objetivos y agregar más en el futuro.,,,,,
Please enter a name and target number for every event. Your target value can be zero.,,Por favor ingrese un nombre y un número objetivo para cada evento. Su valor objetivo puede ser cero.,,,,,
Please enter a number with no letters or symbols.,,Por favor ingrese un número sin letras ni símbolos.,,,,,
Please complete all required fields in the Targets tab.,,Complete todos los campos obligatorios en la pestaña Objetivos.,,,,,
Please complete all required fields in the Summary tab.,,Complete todos los campos obligatorios en la pestaña Resumen.,,,,,
Please complete all required fields in the Performance tab.,,Complete todos los campos obligatorios en la pestaña Rendimiento.,,,,,
Summary,,Resumen,,,,,
Performance,,Rendimiento,,,,,
Analysis and Reporting,,Análisis e informes,,,,,
Approval,,Aprobación,,,,,
Delete this indicator,,Eliminar este indicador,,,,,
Create targets,,Generar objetivos,,,,,
Remove all targets,,Eliminar todos los objetivos,,,,,
Reset,,Reiniciar,,,,,
Options for number (#) indicators,,Opciones para indicadores de número (#),,,,,
Percentage (%%) indicators,,Indicadores de porcentaje (%%),,,,,#. Translators: This is the title of some informational text describing what it means when an indicator is being measured as a percentage e.g. % of population with access to water
Sum of targets,,Suma de objetivos,,,,,
indicator:,,indicador:,,,,,
Targets vs Actuals,,Objetivos frente a los datos reales,,,,,
Warning,,Advertencia,,,,,
Are you sure?,,¿Está seguro?,,,,,
Yes,,Sí,,,,,
No,,No,,,,,
Indicator Plan,,Plan Indicador,,,,,
Program period,,Período del programa,,,,,
Program reporting dates are required in order to view program metrics,,Las fechas de informes del programa son necesarias para ver las métricas del programa,,,,,
"The program period is used in the setup of periodic targets and in Indicator Performance Tracking Tables (IPTT). TolaActivity initially sets the program period to include the program’s official start and end dates, as recorded in the Grant and Award Information Tracker (GAIT) system. The program period may be adjusted to align with the program’s indicator plan.",,"El período del programa se usa en la configuración de objetivos periódicos y en las tablas de seguimiento del rendimiento del indicador (IPTT). TolaActivity establece inicialmente el período del programa para incluir las fechas de inicio y finalización oficiales del mismo, tal como se registra en el sistema de rastreo de información de concesiones y adjudicaciones (GAIT). El período del programa puede ajustarse para alinearse con el plan de indicadores del programa.",,,,,
GAIT program dates,,Fechas del programa GAIT,,,,,
Program start and end dates,,Fechas de inicio y finalización del programa,,,,,
"\n                                While a program may begin and end any day of the month, program periods must begin on the first day of the month and end on the last day of the month. Please note that the program start date can only be adjusted <span class=\""color-red\"">before periodic targets are set up and a program begins submitting performance results.</span> The program end date can be moved later at any time, but can't be moved earlier once periodic targets are set up.\n                                ",,"\n                                Si bien un programa puede comenzar y finalizar en cualquier día del mes, los períodos de informe deben comenzar el primer día del mes y finalizar el último día del mes. Tenga en cuenta que la fecha de inicio de informe solo se puede ajustar <span class=\""color-red\"">antes de que se establezcan objetivos periódicos y un programa comience a enviar resultados de rendimiento.</span> La fecha de finalización del programa se puede mover más tarde en cualquier momento, pero no se puede mover más temprano una vez que los objetivos periódicos están configurados.\n                                ",,,,,
"\n                                While a program may begin and end any day of the month, program periods must begin on the first day of the month and end on the last day of the month. Please note that the program start date can only be adjusted <span class=\""color-red\"">before targets are set up and a program begins submitting performance results.</span> Because this program already has periodic targets set up, only the program end date can be moved later.\n                                ",,"\n                                Si bien un programa puede comenzar y finalizar en cualquier día del mes, los períodos de informe deben comenzar el primer día del mes y finalizar el último día del mes. Tenga en cuenta que la fecha de inicio de informe solo se puede ajustar <span class=\""color-red\"">antes de que los objetivos estén configurados y un programa comience a enviar resultados de rendimiento.</span> Debido a que este programa ya tiene configurados objetivos periódicos, solo la fecha de finalización del programa se puede mover más tarde.\n                                ",,,,,
Back to Homepage,,Volver a la página de inicio,,,,,
Error. Could not retrieve data from server. Please report this to the Tola team.,,Error. No se pudieron recuperar los datos del servidor. Por favor informe esto al equipo de Tola.,,,,,
Unavailable,,No disponible,,,,,
"This action may result in changes to your periodic targets. If you have already set up periodic targets for your indicators, you may need to enter additional target values to cover the entire reporting period. For future reference, please provide a reason for modifying the reporting period.",,"Esta acción puede generar cambios a sus objetivos periódicos. Si ya ha configurado objetivos periódicos para sus indicadores, puede necesitar agregar valores objetivo adicionales para cubrir el período de reporte completo. Para referencia futura, indique la justificación para modificar el período de reporte.",,,,,
You must enter values for the reporting start and end dates before saving.,,Debe ingresar valores para las fechas de inicio y finalización del informe antes de guardar.,,,,,
The end date must come after the start date.,,La fecha de finalización siempre va después de la de comienzo.,,,,,
There was a problem saving your changes.,,Hubo un problema al guardar sus cambios.,,,,,
\n            %(get_target_frequency_label)s targets\n            ,,\n            Objetivos %(get_target_frequency_label)s\n            ,,,,,
Add an event,,Agregar un evento,,,,,
\n                    <strong>Non-cumulative (NC):</strong> Target period results are automatically calculated from data collected during the period. The Life of Program result is the sum of target period values.\n                    ,,\n                    <strong>No acumulativo (NC):</strong> Los resultados del período objetivo se calculan automáticamente a partir de los datos recopilados durante el período. El resultado de la vida del programa es la suma de los valores del período objetivo.\n                    ,,,,,
\n                    <strong>Cumulative (C):</strong> Target period results automatically include data from previous periods. The Life of Program result mirrors the latest period value.\n                    ,,\n                    <strong>Acumulativo (C):</strong> Los resultados del período objetivo incluyen automáticamente datos de períodos anteriores. El resultado de vida del programa refleja el último valor del período.\n                    ,,,,,
\n                    <strong>Cumulative (C):</strong> The Life of Program result mirrors the latest period result. No calculations are performed with results.\n                    ,,\n                    <strong>Acumulativo (C):</strong> El resultado de Vida del Programa (LoP) refleja el último resultado del período. No se realizan cálculos con los resultados.\n                    ,,,,,
Report Options,,Opciones de informe,,,,,
Apply,,Aplicar,,,,,
Change log,,Registro de Cambios,,,,,
"To see program results, please update your periodic targets to match your reporting start and end dates:",,"Para ver los resultados del programa, actualice sus objetivos periódicos para que coincidan con las fechas de inicio y finalización de sus informes:",,,,,
Periodic targets vs. actuals,,Objetivos periódicos frente a datos reales,,,,,
View results organized by target period for indicators that share the same target frequency.,,Ver los resultados organizados por período objetivo para los indicadores que comparten la misma frecuencia objetivo.,,,,,
View Report,,Ver informe,,,,,
View the most recent two months of results. (You can customize your time periods.) This report does not include periodic targets.,,Ver los últimos dos meses de resultados. (Puede personalizar sus períodos de tiempo). Este informe no incluye objetivos periódicos.,,,,,
Pin,,Fijar,,,,,
Life of program,,Vida del programa,,,,,
Change,,Cambio,,,,,
# / %%,,# / %%,,,,,
%% Met,,%% cumplido,,,,,
Pin To Program Page,,Afiler a la página del programa,,,,,
Success! This report is now pinned to the program page.,,¡Satisfactorio! Este informe ahora se encuentra en la página del programa.,,,,,
Visit the program page now.,,Visitar la página del programa ahora.,,,,,
Program details,,Detalles del programa,,,,,
View program in GAIT,,Ver programa en GAIT,,,,,#. Translators: GAIT is the Grant and Award Information Tracker system used by MercyCorps
View program sites,,Ver sitios del programa,,,,,
There are no program sites.,,No existen sitios del programa.,,,,,
Add site,,Agregar sitio,,,,,
Pinned reports,,Informes fijados,,,,,
IPTT:,,IPTT:,,,,,
Create an IPTT report,,Crear un informe de IPTT,,,,,
Reports will be available after the program start date.,,Los informes estarán disponibles a partir de la fecha de inicio del programa.,,,,,
Program setup,,Configuración del programa,,,,,
"\n    Before adding indicators and performance results, we need to know your program's\n    <a\n        class=\""pl-1\""\n        href=\""#\""\n        data-toggle=\""modal\""\n        data-program=\""%(id)s\""\n        data-progstart=\""%(start_date)s\""\n        data-progend=\""%(end_date)s\""\n        data-rptstart=\""%(reporting_period_start)s\""\n        data-rptend=\""%(reporting_period_end)s\""\n        data-target=\""#id_reporting_period_modal\""\n    >reporting start and end dates.</a>\n    ",,"\n    Antes de agregar indicadores y resultados de rendimiento, necesitamos saber las \n    <a\n        class=\""pl-1\""\n        href=\""#\""\n        data-toggle=\""modal\""\n        data-program=\""%(id)s\""\n        data-progstart=\""%(start_date)s\""\n        data-progend=\""%(end_date)s\""\n        data-rptstart=\""%(reporting_period_start)s\""\n        data-rptend=\""%(reporting_period_end)s\""\n        data-target=\""#id_reporting_period_modal\""\n    > fechas de inicio y fin de informes </a>\nde su programa.\n    ",,,,,"#. Translators: The full sentance is: Before adding indicators and performance results, we need to know your program's reporting start and end dates."
Only completed target periods are included in the “indicators on track” calculations.,,Solo los períodos objetivo completos son incluidos en el cálculo de “indicadores encaminados”.,,,,,#. Translators: Explains why some target periods are not included in a certain calculation
Last completed target period,,Último período objetivo completo,,,,,"#. Translators: Given a list of periods spanning months or years, indicates the period with and end date closest to the current date"
Semi-Annual,,Semestral,,,,,#. Translators:  label for the date of the last completed Semi-Annual target period.
Tri-Annual,,Trienal,,,,,#. Translators:  label for the date of the last completed Tri-Annual target period.
"If an indicator only has a Life of Program (LoP) target, we calculate performance after the program end date.",,"Sí un indicador solo tiene un objetivo de Vida del Programa (LoP), el desempeño es calculado después de la fecha de finalización del programa.",,,,,#. Translators: Explains why some target periods are not included in a certain calculation
"For midline/endline and event-based target periods, we begin tracking performance as soon as the first result is submitted.",,"Para períodos objetivo de línea media, final y basados en eventos, se comienza a medir el desempeño tan pronto como el primer resultado es enviado.",,,,,#. Translators: Explains why some target periods are not included in a certain calculation
"This action cannot be undone. The result value and any information associated with it will be permanently removed. For future reference, please provide a reason for deleting this result.",,"Esta acción no puede deshacerse. El valor del resultado y toda información asociada serán eliminados permanentemente. Para referencia futura, indique una justificación para eliminar este resultado.",,,,,
"Modifying results will affect program metrics for this indicator and should only be done to correct a data entry error. For future reference, please provide a reason for modifying this result.",,"Modificar resultados afectará las métricas del programa para este indicador y debe hacerse únicamente para corregir errores de ingreso de datos. Para referencia futura, indique una justificación para modificar este resultado.",,,,,
Please complete all required fields.,,Por favor complete todos los campos requeridos.,,,,,
Result saved - however please review warnings below.,,"Resultado guardado - no obstante, revise las advertencias a continuación.",,,,,
Could not save form.,,No se pudo guardar el formulario.,,,,,
Targets are not set up for this indicator.,,Los objetivos no están configurados para este indicador.,,,,,
Start by selecting a target frequency.,,Comience seleccionando una frecuencia objetivo.,,,,,
This date falls outside the range of your target periods. Please select a date between ,,Esta fecha queda fuera del rango de sus períodos objetivo. Por favor seleccione una fecha entre ,,,,,
Please select a target.,,Por favor seleccione un objetivo.,,,,,#. Translators: This is error message is triggered with midline/endline or event target frequencies when user tries to submit data without selecting a target period.
Please enter a valid date.,,Por favor ingrese una fecha válida.,,,,,
You can begin entering results on,,Puede comenzar a ingresar resultados el,,,,,
Please select a date between,,Por favor seleccione una fecha entre,,,,,
A link must be included along with the record name.,,Debe incluir un enlace junto al nombre del registro.,,,,,
Result,,Resultado,,,,,
Evidence,,Evidencia,,,,,
Link this result to a record or folder of records that serves as evidence.,,Vincule este resultado a un registro o carpeta de registros que sirva de evidencia.,,,,,
Delete this result,,Eliminar este resultado,,,,,
Target period,,Período objetivo,,,,,
Program to date,,Programa a la fecha,,,,,
View project,,Ver proyecto,,,,,
No results reported,,No se han reportado resultados,,,,,
View Project,,Ver proyecto,,,,,
Results are cumulative. The Life of Program result mirrors the latest period result.,,Los resultados son acumulativos. El resultado de la vida del programa refleja el último resultado del período.,,,,,
Results are non-cumulative. The Life of Program result is the sum of target periods results.,,Los resultados no son acumulativos. El resultado de la vida del programa es la suma de los resultados de los períodos objetivo.,,,,,
Results are non-cumulative. Target period and Life of Program results are calculated from the average of results.,,Los resultados no son acumulativos. Los resultados del período objetivo y de Vida del Programa se calculan a partir del promedio de los resultados.,,,,,
\n                        This record is not associated with a target. Open the data record and select an option from the “Measure against target” menu.\n                        ,,"\n                        Este registro no está asociado con un objetivo. Abra el registro de datos y seleccione una opción del menú \""Medida contra el objetivo \"".\n                        ",,,,,
\n                        This date falls outside the range of your target periods. Please select a date between %(reporting_period_start)s and %(reporting_period_end)s.\n                        ,,\n                        Esta fecha queda fuera del rango de sus períodos objetivo. Por favor seleccione una fecha entre %(reporting_period_start)s y %(reporting_period_end)s.\n                        ,,,,,
Add result,,Agregar resultado,,,,,
This indicator has no targets.,,Este indicador no tiene objetivos.,,,,,
Add targets,,Agregar objetivos,,,,,
"This date determines where the result appears in indicator performance tracking tables. If data collection occurred within the target period, we recommend entering the last day you collected data. If data collection occurred after the target period ended, we recommend entering the last day of the <i>target period in which you want the result to appear.</i>",,"Esta fecha determina donde aparece el resultado en las tablas de seguimiento del rendimiento del indicador. Si hubo recolección de datos durante el período objetivo, recomendamos ingresar el último día en que recolectó datos. Si la recolección de datos se realizó después de finalizado el período objetivo, recomendamos ingresar el último día del <i>período objetivo en que quiera que aparezcan los resultados</i>",,,,,
All results for this indicator will be measured against the Life of Program (LoP) target.,,Todos los resultados para este indicador serán medidos contra el objetivo de Vida del Programa (LoP).,,,,,
The target is automatically determined by the result date.,,El objetivo se determina automáticamente en base a la fecha del resultado.,,,,,
You can measure this result against the Midline or Endline target.,,Puede medir este resultado contra el objetivo de línea media o final.,,,,,
Standard disaggregation levels not entered,,Niveles de desagregación estándar no ingresados,,,,,
"Standard disaggregations are entered by the administrator for the entire organizations.  If you are not seeing any here, please contact your system administrator.",,"El administrador introduce las desagregaciones estándar para todas las organizaciones. Si no ve ninguna aquí, contáctese con el administrador del sistema.",,,,,
Sex and Age Disaggregated Data (SADD),,Datos desagregados de género y edad (SADD),,,,,
Disaggregation level,,Nivel de desagregación,,,,,
Custom disaggregations,,Desagregaciones personalizadas,,,,,
"Provide a link to a file or folder in Google Drive or another shared network drive. Please be aware that TolaActivity does not store a copy of your record, <i>so you should not link to something on your personal computer, as no one else will be able to access it.</i>",,"Facilite un enlace a un archivo o carpeta en Google Drive o algún otro recurso compartido en la red. Tenga en cuenta que TolaActivity no almacena copias de su registro, <i>por ello no debería referenciar algo en su computadora personal, ya que nadie más podría accederlo.</i>",,,,,
view,,ver,,,,,
Browse Google Drive,,Ver Google Drive,,,,,
Give your record a short name that is easy to remember.,,Dé a su registro un nombre corto que sea fácil de recordar.,,,,,
Indicators on track,,Indicadores encaminados,,,,,
\n                    %(unavailable)s%% unavailable\n                    ,,\n                     %(unavailable)s%% no disponible\n                    ,,,,,#. Translators: variable unavailable shows what percentage of indicators have no targets reporting data. Example: 31% unavailable
"The indicator has no targets, no completed target periods, or no results reported.",,"El indicador no tiene objetivos, ni períodos objetivo completos o no se informan resultados.",,,,,#. Translators: help text for the percentage of indicators with no targets reporting data.
\n                        <strong>%(high)s%%</strong> are &gt;%(margin)s%% above target\n                        ,,\n                        <strong>%(high)s%%</strong> están &gt;%(margin)s%% por encima del objetivo\n                        ,,,,,#. Translators: variable high shows what percentage of indicators are a certain percentage above target. Example: 31% are >15% above target
\n                        <strong>%(on_scope)s%%</strong> are on track\n                        ,,\n                        <strong>%(on_scope)s%%</strong> están encaminados\n                        ,,,,,#. Translators: variable on_scope shows what percentage of indicators are within a set range of target. Example: 31%  are on track
"The actual value matches the target value, plus or minus 15%%. So if your target is 100 and your result is 110, the indicator is 10%% above target and on track.  <br><br>Please note that if your indicator has a decreasing direction of change, then “above” and “below” are switched. In that case, if your target is 100 and your result is 200, your indicator is 50%% below target and not on track.<br><br><a href='https://docs.google.com/document/d/1Gl9bxJJ6hdhCXeoOCoR1mnVKZa2FlEOhaJcjexiHzY0' target='_blank'>See our documentation for more information.</a>",,"El valor real coincide con el valor objetivo, más o menos 15%%. Entonces, si su objetivo es 100 y su resultado es 110, el indicador está 10%% por encima del objetivo y está encaminado.   <br><br>Tenga en cuenta que si su indicador tiene una dirección de cambio decreciente, entonces se transponen “arriba” y “abajo”. En ese caso, si su objetivo es 100 y su resultado es 200, su indicador está 50%% por debajo del objetivo y no está encaminado.<br><br><a href='https://docs.google.com/document/d/1Gl9bxJJ6hdhCXeoOCoR1mnVKZa2FlEOhaJcjexiHzY0' target='_blank'>Vea nuestra documentación para mayor información.</a>",,,,,"#. Translators: Help text explaining what an ""on track"" indicator is."
\n                        <strong>%(low)s%%</strong> are &gt;%(margin)s%% below target\n                        ,,\n                        <strong>%(low)s%%</strong> están &gt;%(margin)s%% por debajo del objetivo\n                        ,,,,,#. Translators: variable low shows what percentage of indicators are a certain percentage below target. The variable margin is that percentage. Example: 31% are >15% below target
Unavailable until the first target period ends with results reported.,,No disponible hasta finalizar el primer período objetivo con informe de resultados.,,,,,#. Translators: message describing why this display does not show any data.
"\n            <a\n                id=\""id_link_reporting_period_%(program.id)s\""\n                class=\""\""\n                href=\""#\""\n                data-toggle=\""modal\""\n                data-program=\""%(program.id)s\""\n                data-progstart=\""%(program.start_date)s\""\n                data-progend=\""%(program.end_date)s\""\n                data-rptstart=\""%(program.reporting_period_start)s\""\n                data-rptend=\""%(program.reporting_period_end)s\""\n                data-target=\""#id_reporting_period_modal\""\n                data-read-only=\""%(read_only)s\"">\n                Program period\n            </a>\n            is <br><strong class=\""text-dark\"">%(program.percent_complete)s%% complete</strong>\n        ",,"\n            <a\n                id=\""id_link_reporting_period_%(program.id)s\""\n                class=\""\""\n                href=\""#\""\n                data-toggle=\""modal\""\n                data-program=\""%(program.id)s\""\n                data-progstart=\""%(program.start_date)s\""\n                data-progend=\""%(program.end_date)s\""\n                data-rptstart=\""%(program.reporting_period_start)s\""\n                data-rptend=\""%(program.reporting_period_end)s\""\n                data-target=\""#id_reporting_period_modal\"">\n                El período del programa\n            </a>\n            está <br><strong class=\""text-dark\"">%(program.percent_complete)s%% completado</strong>\n        ",,,"#| msgid """"#| ""\n""#| ""            <a\n""#| ""                id=\""id_link_reporting_period_%(program.id)s\""\n""#| ""                class=\""\""\n""#| ""                href=\""#\""\n""#| ""                data-toggle=\""modal\""\n""#| ""                data-program=\""%(program.id)s\""\n""#| ""                data-progstart=\""%(program.start_date)s\""\n""#| ""                data-progend=\""%(program.end_date)s\""\n""#| ""                data-rptstart=\""%(program.reporting_period_start)s\""\n""#| ""                data-rptend=\""%(program.reporting_period_end)s\""\n""#| ""                data-target=\""#id_reporting_period_modal\"">\n""#| ""                Program period\n""#| ""            </a>\n""#| ""            is <br><strong class=\""text-dark\"">""#| ""%(program.percent_complete)s%% complete</strong>\n""#| ""        """,Fuzzy,
\n            <p><strong>The actual value is %(percent_met)s%% of the target value.</strong> An indicator is on track if the result is no less than 85%% of the target and no more than 115%% of the target.</p>\n            <p><em>Remember to consider your direction of change when thinking about whether the indicator is on track.</em></p>\n            ,,"\n            <p><strong>El valor actual es del %(percent_met)s%% del cumplimiento del objetivo.</strong> Un indicador se considerará de acuerdo a lo planificado cuando el valor oscile entre no menos del 85%% y no más del 115%% de consecución de dicho objetivo.</p>\n            <p><em> Si el complimiento del objetivo esta fuera de esos parámetros, considere la dirección y/o el cambio del mismo.</em></p>\n            ",,,,,#. Translators: Explains how performance is categorized as close to the target or not close to the target
An error occured while logging in with your Okta account.,,Hubo un error durante el inicio de sesión con su cuenta Okta.,,,,,
Please contact the TolaData team for assistance.,,Contacte al equipo TolaData para obtener asistencia.,,,,,
This Gmail address is not associated with a TolaActivity user account.,,Esta dirección de Gmail no está asociada con una cuenta de usuario de TolaActivity.,,,,,
You can request an account from your TolaData administrator.,,Puede solicitar una cuenta a su administrador TolaData.,,,,,
\n        <h1><small>Welcome to</small> TolaActivity</h1>\n        ,,\n        <h1><small>Bienvenido a</small> TolaActivity</h1>\n        ,,,,,
"\n        <i class=\""fas fa-sign-in-alt\""></i><small>Log in with a <strong>mercycorps.org</strong> email address</small>\n        ",,"\n        <i class=\""fas fa-sign-in-alt\""></i><small>Ingresar con una dirección de correo electrónico de <strong>mercycorps.org</strong></small>\n        ",,,,,#. Translators: a button directing Mercy Corps users to log in
"\n        <i class=\""fa fa-sign-in-alt\""></i><small>Log in with <strong>Gmail</strong></small>\n        ",,"\n        <i class=\""fa fa-sign-in-alt\""></i><small>Ingresar con <strong>Gmail</strong></small>\n        ",,,,,#. Translators: a button directing users to log in with Gmail
Log in with a username and password,,Ingresar con usuario y contraseña,,,,,
"\n                <p>Please enter a correct username and password. Note that both fields may be case-sensitive. Did you forget your password? <a href=\""%(password_reset_url)s\"">Click here to reset it.</a></p>\n                ",,"\n                <p>Ha ingresado una usuario o contraseña incorrecto. Tenga en cuenta que los campos diferencian mayúsculas y minúsculas. ¿Olvidó su contraseña? <a href=\""%(password_reset_url)s\"">Siga este enlace para restaurarla.</a></p>\n                ",,,,,
Need help logging in?,,¿Necesita ayuda para ingresar?,,,,,
"\n            Contact your TolaData administrator or <a href=\""mailto:tola@mercycorps.org\"">email the TolaData team.</a>\n            ",,"\n            Contacte a su administrador TolaData o <a href=\""mailto:tola@mercycorps.org\"">escriba un correo electrónico al equipo TolaData.</a>\n            ",,,,,
Password changed,,Se ha modificado la contraseña,,,,,
"\n    <p>Your password has been changed.</p>\n    <p><a href=\""%(login_url)s\"" class=\""btn btn-primary\"">Log in</a></p>\n    ",,"\n    <p>Se ha modificado la contraseña.</p>\n    <p><a href=\""%(login_url)s\"" class=\""btn btn-primary\"">Iniciar sesión</a></p>\n    ",,,,,
Reset password,,Restaurar contraseña,,,,,
Submit,,Enviar,,,,,
Password reset email sent,,Correo electrónico de restauración de contraseña enviado,,,,,
"\n    <p>We’ve sent an email to the address you’ve provided.</p>\n\n    <h4>If you didn’t receive an email, please try the following:</h4>\n\n    <ul>\n        <li>Check your spam or junk mail folder.</li>\n        <li>Verify that you entered your email address correctly.</li>\n        <li>Verify that you entered the email address associated with your TolaActivity account.</li>\n    </ul>\n\n    <h4>If you are using a mercycorps.org address to log in:</h4>\n    <p>Return to the <a href=\""%(login_url)s\"">log in page</a> and click <strong>Log in with a mercycorps.org email address.</strong></p>\n\n    <h4>If you are using a Gmail address to log in:</h4>\n    <p>Return to the <a href=\""%(login_url)s\"">log in page</a> and click <strong>Log in with Gmail.</strong> <em>We cannot reset your Gmail password.</em></p>\n    ",,"\n    <p>Hemos enviado un correo electrónico a la dirección que nos ha proporcionado.</p>\n\n    <h4>Si no ha recibido el correo, intente lo siguiente:</h4>\n\n    <ul>\n        <li>Revise su carpeta de Spam o Correo No Deseado.</li>\n        <li>Verifique haber ingresado su dirección de correo electrónico correctamente.</li>\n        <li>Verifique haber ingresado la dirección de correo electrónico asociada a su cuenta TolaActivity.</li>\n    </ul>\n\n    <h4>Si utiliza una dirección mercycorps.org para ingresar:</h4>\n    <p>Regrese a la <a href=\""%(login_url)s\"">página de inicio de sesión</a> y haga clic en <strong>Ingresar con una dirección de correo electrónico de mercycorps.org.</strong></p>\n\n    <h4>Si utiliza una dirección de Gmail address para ingresar:</h4>\n    <p>Regrese a la <a href=\""%(login_url)s\"">página de inicio de sesión</a> y haga clic en <strong>Iniciar con Gmail.</strong> <em>No podemos restaurar su contraseña de Gmail.</em></p>\n    ",,,,,
"\nSomeone has requested that you change the password associated with the username %(user)s on the Mercy Corps Tola Activity application. This usually happens when you click the “forgot password” link.\n\nIf you did not request a new password, you can ignore this email.\n\nIf you want to change your password, please click the following link and choose a new password:\n",,"\nAlguien ha solicitado restaurar la contraseña asociada al usuario %(user)s de la aplicación Tola Activity de Mercy Corps. Esto sucede cuando hace clic en el link \""Olvidé mi contraseña\"".\n\nSi usted no solicitó restaurar la contraseña, puede ignorar este correo electrónico.\n\nSi desea restaurar su contraseña, siga este enlace para elegir una nueva contraseña:\n",,,,,
"\nYou can also copy and paste this link into the address bar of your web browser.\n\nThank you,\nThe Mercy Corps team\n",,"\nTambién puede copiar y pegar este enlace en la barra de direcciones de su navegador de Internet.\n\nMuchas gracias,\nEl equipo de Mercy Corps\n",,,,,
Use this form to send an email to yourself with a link to change your password.,,Utilice este formulario para enviarse un correo electrónico con un enlace que le permita restaurar su contraseña.,,,,,
Project Site,,Sitio del proyecto,,,,,
Collected Indicator Data Site,,Sitio de datos del indicador recopilados,,,,,
Warning: This may be a badly formatted web address. It should be something like https://domain.com/path/to/file or https://docs.google.com/spreadsheets/d/OIjwljwoihgIHOEies,,Advertencia: Esta dirección web podría tener un formato incorrecto. Debería ser algo como ‘https://dominio.com/camino/al/archivo’ o ‘https://docs.google.com/spreadsheets/d/OIjwljwoihgIHOEies’,,,,,
Warning: The file you are linking to should be on external storage. The file path you provided looks like it might be on your local hard drive.,,Advertencia: El archivo al que se está vinculando debe estar en almacenamiento externo. La ruta del archivo que proporcionó parece que podría estar en su disco duro local.,,,,,
Warning: You should be providing a location or path to a file that is not on your hard drive.  The link you provided does not appear to be a file path or web link.,,Advertencia: Debe proporcionar una ubicación o ruta a un archivo que no se encuentra en su disco duro. El enlace que proporcionó no parece ser una ruta de archivo o un enlace web.,,,,,
Delete Documentation,,Borrado de Documentación,,,,,
Something went wrong!,,¡Algo salió mal!,,,,,
Documentation Delete,,Borrado de Documentación,,,,,
Are you sure you want to delete,,¿Está seguro que quiere eliminarlo,,,,,
Cancel,,Cancelar,,,,,
Document Confirm Delete,,Confirmación de Borrado de Documento,,,,,
"Are you sure you want to delete \""%(object)s\""?",,"¿Está seguro que quiere eliminar \""%(object)s\""?",,,,,
Confirm,,Confirmar,,,,,
Document,,Documento,,,,,
Please complete this field,,Por favor complete este campo,,,,,
Documentation for %(project)s,,Documentación para %(project)s,,,,,
Close,,Cerrar,,,,,
Documentation List for %(program)s ,,Lista de documentación para %(program)s  ,,,,,
Document Name,,Nombre del Documento,,,,,
Add to Project,,Agregar a proyecto,,,,,
No Documents.,,No hay Documentos.,,,,,
Filter by:,,Filtrar por:,,,,,
Project Status,,Estado del Proyecto,,,,,
Initiation Form,,Formulario de Iniciación,,,,,
Tracking Form,,Formulario de Seguimiento,,,,,
Print View,,Vista de impresión,,,,,
Short,,Corto,,,,,
Long,,Largo,,,,,
Project Dashboard,,Tablero del proyecto,,,,,
Filtered by <b>(Status): %(status|default_if_none:'')s</b>,,Filtrado por <b>(Estado):%(status|default_if_none:'')s</ b>,,,,,
Filtered by <b>(Program): %(filtered_program|default_if_none:'')s</b>,,Filtrado por <b>(Programa): %(filtered_program|default_if_none:'')s</ b>,,,,,
Program Dashboard,,Tablero del programa,,,,,
Date Created,,Fecha de creacion,,,,,
Project Name,,Nombre del proyecto,,,,,
Project Code,,Código de proyecto,,,,,
Office Code,,Código de oficina,,,,,
Form Version,,Versión del formulario,,,,,
Approval Status,,Estado de aprobación,,,,,
No in progress projects.,,Sin proyectos en progreso.,,,,,
No approved projects yet.,,Sin proyectos aprobados todavía.,,,,,
No projects awaiting approval.,,Sin proyectos esperando aprobación.,,,,,
No rejected projects.,,Sin proyectos rechazados.,,,,,
No New projects.,,Sin proyectos Nuevos.,,,,,
No projects yet.,,Sin proyectos todavía.,,,,,
No Programs,,Sin programas,,,,,
Project initiation form,,Formulario de iniciación del proyecto,,,,,
Project Initiation Form,,Formulario de iniciación del proyecto,,,,,
Project tracking form,,Formulario de seguimiento del proyecto,,,,,
Add a project,,Agregar un proyecto,,,,,
Name your new project and associate it with a program,,Nombre su nuevo proyecto y asócielo con un programa,,,,,
Project name,,Nombre del proyecto,,,,,
Use short form?,,¿Utilizar forma abreviada?,,,,,
recommended,,recomendado,,,,,
Site Data,,Datos del Sitio,,,,,
Indicator Data for <small>%(site)s</small>,,Datos del indicador para <small>%(site)s </ small>,,,,,
Achieved,,Logrado,,,,,
Site Profile Map and List,,Mapa y lista de perfil del sitio,,,,,
Date created,,Fecha de creacion,,,,,
Site name,,Nombre del sitio,,,,,
Site type,,Tipo de Sitio,,,,,
Province,,Provincia,,,,,
District,,Distrito,,,,,
Active,,Activo,,,,,
Inactive,,Inactivo,,,,,
Delete site,,Borrar sitio,,,,,
Indicator data,,Datos del indicador,,,,,
Project data,,Datos del proyecto,,,,,
No Site Profiles yet.,,No hay Perfiles de Sitio todavía.,,,,,
results per page:,,resultados por página:,,,,,#. Translators: Shows the user how many results will be listed on each page of the results list
Village,,Pueblo,,,,,
Report,,Informe,,,,,
Update Sites,,Actualizar Sitios,,,,,
No sites yet.,,No hay sitios todavía.,,,,,
Site Projects,,Proyectos del Sitio,,,,,
Project Data for <small>%(site)s</small>,,Datos del proyecto para <small>%(site)s</ small>,,,,,
Confirm Delete,,Confirmar eliminación,,,,,
Stakeholder,,Parte interesada,,,,,
Program or country,,Programa o país,,,,,
No results found,,No se encontraron resultados,,,,,
Personal info,,Información personal,,,,,
Important dates,,Fechas importantes,,,,,
Language,,Idioma,,,,,
Form Errors,,Errores en el Formulario,,,,,
English,,Inglés,,,,,
French,,Francés,,,,,
Spanish,,Español,,,,,
Program does not have a GAIT id,,El programa no tiene un identificador GAIT,,,,,
There was a problem connecting to the GAIT server.,,Hubo un problema al conectarse al servidor GAIT.,,,,,#. Translators: There was a network or server error trying to reach the GAIT service
The GAIT ID {gait_id} could not be found.,,El identificador GAIT {gait_id} no se encontró.,,,,,#. Translators: A request for {gait_id} to the GAIT server returned no results
You are not logged in.,,No ha iniciado sesión.,,,,,
Your profile has been updated.,,Su perfil se ha actualizado.,,,,,
Modification Date,,Fecha de Modificación,,,,,
Modification Type,,Tipo de Modificación,,,,,
Title,,Título,,,,,
First Name,,Nombre,,,,,
Last Name,,Apellido,,,,,
Username,,Nombre de usuario,,,,,
Mode of Address,,Nombre o apodo preferido,,,,,
Mode of Contact,,Forma de Contacto Preferida,,,,,
Phone Number,,Número Telefónico,,,,,
Email,,Correo electrónico,,,,,
Organization,,Organización,,,,,
Is Active,,Activo,,,,,
User Created,,Creacion de Usuario,,,,,
User Programs Updated,,Actualización de los Programas del Usuario,,,,,
User Profile Updated,,Actualización de Perfil,,,,,
Unit of Measure,,Unidad de medida,,,,,
Unit of Measure Type,,Tipo de Unidad de medida,,,,,
Is Cumulative,,Acumulativo,,,,,
Rationale for Target,,Justificación del objetivo,,,,,
Baseline N/A,,Línea de base N/A,,,,,
Evidence Url,,URL de la Evidencia,,,,,
Evidence Name,,Nombre de la Evidencia,,,,,
Date,,Fecha,,,,,
Start Date,,Fecha de inicio,,,,,
End Date,,Fecha de fin,,,,,
Indicator Created,,Indicador Creado,,,,,
Indicator Changed,,Indicador Modificado,,,,,
Indicator Deleted,,Indicador Eliminado,,,,,
Result Changed,,Resultado Cambiado,,,,,
Result Created,,Resultado Creado,,,,,
Result Deleted,,Resultado Eliminado,,,,,
Program Dates Changed,,Fechas de Programa Cambiadas,,,,,
Percentage,,Porcentaje,,,,,
GAIT ID,,ID GAIT,,,,,
Funding Status,,Estado de financiamiento,,,,,
Cost Center,,Centro de Costos,,,,,
Program Created,,Programa Creado,,,,,
Program Updated,,Programa Actualizado,,,,,
Primary Address,,Dirección Principal,,,,,
Primary Contact Name,,Nombre de Contacto Principal,,,,,
Primary Contact Email,,Dirección de Correo Electrónico de Contacto Principal,,,,,
Primary Contact Phone,,Teléfono de Contacto Principal,,,,,
Organization Created,,Organización Creada,,,,,
Organization Updated,,Organización Actualizada,,,,,
Date and Time,,Fecha y Hora,,,,,
User,,Usuario,,,,,
Change Type,,Tipo de Cambio,,,,,"#. Translators: Part of change log, indicates the type of change being made to a particular piece of data"
Previous Entry,,Datos Anteriores,,,,,"#. Translators: Part of change log, shows what the data looked like before the changes"
New Entry,,Nuevos Datos,,,,,"#. Translators: Part of change log, shows what the data looks like after the changes"
Rationale,,Justificación del cambio,,,,,"#. Translators: Part of change log, reason for the change as entered by the user"
Mercy Corps - Tola New Account Registration,,Este campo debe ser único,,,,,
This field must be unique,,Este campo debe ser único,,,,,
Only superusers can create Mercy Corps staff profiles.,,Solo los super-usuarios pueden crear perfiles de personal de Mercy Corps.,,,,,
Only superusers can edit Mercy Corps staff profiles.,,Solo los super-usuarios pueden modificar perfiles de personal de Mercy Corps.,,,,,
Find a city or village,,Encontrar una ciudad o pueblo,,,,,
Projects in this Site,,Proyectos en este Sitio,,,,,
Activity Code,,Código de Actividad,,,,,
View,,Ver,,,,,
Profile,,Perfil,,,,,
Contact Info,,Información de Contacto,,,,,
Location,,Ubicación,,,,,
Places,,Lugares,,,,,
Map,,Mapa,,,,,
Demographic Information,,Información Demográfica,,,,,
Households,,Hogares,,,,,
Land,,Tipo de tierra,,,,,
Literacy,,Alfabetización,,,,,
Demographic Info Data Source,,Origen de los Datos de Información Demográfica,,,,,
Date of First Contact,,Fecha del primer contacto,,,,,
Search,,Buscar,,,,,
Agency name,,Nombre de agencia,,,,,
Agency url,,URL de la agencia,,,,,
Tola report url,,URL del informe Tola,,,,,
Tola tables url,,URL de las tablas Tola,,,,,
Tola tables user,,Usuario de las tablas Tola,,,,,
Tola tables token,,Token de las tablas Tola,,,,,
Privacy disclaimer,,Exención de responsabilidad sobre la privacidad,,,,,
Created,,Creado,,,,,
Updated,,Actualizado,,,,,
Tola Sites,,Sitios de Tola,,,,,
Sector Name,,Nombre del sector,,,,,
Organization Name,,Nombre de la organización,,,,,
Description/Notes,,Descripción/Notas,,,,,
Organization url,,URL de la organización,,,,,
Primary Mode of Contact,,Forma de Contacto Principal,,,,,
Country Name,,Nombre del país,,,,,
organization,,organización,,,,,
2 Letter Country Code,,Código de país de 2 letras,,,,,
Latitude,,Latitud,,,,,
Longitude,,Longitud,,,,,
Zoom,,Enfocar,,,,,
Given Name,,Nombre de pila,,,,,
Employee Number,,Número de empleado,,,,,
Active Country,,País activo,,,,,
Accessible Countries,,Países accesibles,,,,,
Tola User,,Usuario de Tola,,,,,
No Organization for this user,,El usuario no tiene Organización,,,,,
User (all programs),,No hay programas disponibles,,,"#| msgid ""No available programs""",Fuzzy,
Basic Admin (all programs),,,,,,Untranslated,
Only Mercy Corps users can be given country-level access,,Solo usuarios de Mercy Corps pueden obtener acceso de nivel país,,,,,
Form,,Formulario,,,,,
Guidance,,Orientación,,,,,
Form Guidance,,Formulario de orientación,,,,,
City/Town,,Ciudad/Pueblo,,,,,
Address,,Dirección,,,,,
Phone,,Teléfono,,,,,
Contact,,Contacto,,,,,
Fund Code,,Código del fondo,,,,,
ID,,Identificación,,,,,
Program Name,,Nombre del programa,,,,,
Fund code,,Código del fondo,,,,,
Program Description,,Descripción del programa,,,,,
Enable Approval Authority,,Habilitar autoridad de aprobación,,,,,
Enable Public Dashboard,,Habilitar tablero público,,,,,
Program Start Date,,Fecha de inicio del programa,,,,,
Program End Date,,Fecha de finalización del programa,,,,,
Reporting Period Start Date,,Fecha de inicio del período de informe,,,,,
Reporting Period End Date,,Fecha de finalización del período de informe,,,,,
Low (view only),,Bajo (solo ver),,,,,#. Translators: Refers to a user permission role with limited access to view data only
Medium (add and edit results),,Medio (agregar y editar resultados),,,,,#. Translators: Refers to a user permission role with limited access to add or edit result data
High (edit anything),,Alto (editar todo),,,,,#. Translators: Refers to a user permission role with access to edit any data
User with Approval Authority,,Usuario con autoridad de aprobación,,,,,
Fund,,Fondo,,,,,
Tola Approval Authority,,Autoridad de aprobación de Tola,,,,,
Admin Level 1,,Nivel de administración 1,,,,,
Admin Level 2,,Nivel de administración 2,,,,,
Admin Level 3,,Nivel de administración 3,,,,,
Admin Level 4,,Nivel de administración 4,,,,,
Office Name,,Nombre de la oficina,,,,,
Office,,Oficina,,,,,
Profile Type,,Tipo de perfil,,,,,
Land Classification,,Clasificación de tierras,,,,,
"Rural, Urban, Peri-Urban",,"Rural, urbano, periurbano",,,,,
Land Type,,Tipo de tierra,,,,,
Site Name,,Nombre del sitio,,,,,
Contact Name,,Nombre de contacto,,,,,
Contact Number,,Número de contacto,,,,,
Number of Members,,Número de miembros,,,,,
Data Source,,Fuente de datos,,,,,
Total # Households,,Número total de hogares,,,,,
Average Household Size,,Tamaño promedio del hogar,,,,,
Male age 0-5,,Hombre de 0-5 años,,,,,
Female age 0-5,,Mujer de 0-5 años,,,,,
Male age 6-9,,Hombre de 6-9 años,,,,,
Female age 6-9,,Mujer de 6-9 años,,,,,
Male age 10-14,,Hombre de 10-14 años,,,,,
Female age 10-14,,Mujer de 10-14 años,,,,,
Male age 15-19,,Hombre de 15-19 años,,,,,
Female age 15-19,,Mujer de 15-19 años,,,,,
Male age 20-24,,Hombre de 20-24 años,,,,,
Female age 20-24,,Mujer de 20-24 años,,,,,
Male age 25-34,,Hombre de 25-34 años,,,,,
Female age 25-34,,Mujer de 25-34 años,,,,,
Male age 35-49,,Hombre de 35-49 años,,,,,
Female age 35-49,,Mujere de 35-49 años,,,,,
Male Over 50,,Hombre mayor de 50 años,,,,,
Female Over 50,,Mujer mayor de 50 años,,,,,
Total population,,Población total,,,,,
Total male,,Total masculino,,,,,
Total female,,Total femenino,,,,,
Classify land,,Clasificar la tierra,,,,,
Total Land,,Tierra total,,,,,
Total Agricultural Land,,Tierra agrícola total,,,,,
Total Rain-fed Land,,Tierra total alimentada por la lluvia,,,,,
Total Horticultural Land,,Tierra hortícola total,,,,,
Total Literate People,,Total de personas alfabetizadas,,,,,
% of Literate Males,,% de hombres alfabetizados,,,,,
% of Literate Females,,% de mujeres alfabetizadas,,,,,
Literacy Rate (%),,Tasa de alfabetización (%),,,,,
Households Owning Land,,Hogares que poseen tierras,,,,,
Average Landholding Size,,Tamaño promedio de propiedad,,,,,
In hectares/jeribs,,En hectáreas/jeribs,,,,,
Households Owning Livestock,,Hogares que son propietarios de ganado,,,,,
Animal Types,,Tipos de animales,,,,,
List Animal Types,,Lista de tipos de animales,,,,,
Administrative Level 1,,Nivel administrativo 1,,,,,
Administrative Level 2,,Nivel administrativo 2,,,,,
Administrative Level 3,,Nivel administrativo 3,,,,,
Administrative Level 4,,Nivel administrativo 4,,,,,
Latitude (Decimal Coordinates),,Latitud (coordenadas decimales),,,,,
Longitude (Decimal Coordinates),,Longitud (coordenadas decimales),,,,,
Site Active,,Sitio activo,,,,,
in progress,,en progreso,,,,,
This is the Provincial Line Manager,,Este es el gerente de línea provincial,,,,,
This is the originator,,Este es el creador,,,,,
Filled by,,Llenado por,,,,,
This should be GIS Manager,,Esto debería ser gerente de SIG,,,,,
Location verified by,,Ubicación verificada por,,,,,
Capacity,,Capacidad,,,,,
Stakeholder Type,,Tipo de partes interesadas,,,,,
Stakeholder Types,,Tipos de partes interesadas,,,,,
How will you evaluate the outcome or impact of the project?,,¿Cómo evaluará el resultado o el impacto del proyecto?,,,,,
Evaluate,,Evaluar,,,,,
Type of Activity,,Tipo de actividad,,,,,
Project Type,,Tipo de proyecto,,,,,
Name of Document,,Nombre del documento,,,,,
Type (File or URL),,Tipo (archivo o URL),,,,,
Template,,Modelo,,,,,
Stakeholder/Organization Name,,Nombre de parte interesada/organización,,,,,
Has this partner been added to stakeholder register?,,¿Este socio se ha agregado al registro de partes interesadas?,,,,,
Formal Written Description of Relationship,,Descripción escrita formal de la relación,,,,,
Vetting/ due diligence statement,,Declaración de escrutinio/diligencia debida,,,,,
Short Form (recommended),,Formulario corto (recomendado),,,,,
Date of Request,,Fecha de solicitud,,,,,
"Please be specific in your name.  Consider that your Project Name includes WHO, WHAT, WHERE, HOW",,"Por favor elija un nombre específico. Considere que su nombre de proyecto debe incluir QUIÉN, QUÉ, DÓNDE, CÓMO",,,,,
Project Activity,,Actividad del proyecto,,,,,
This should come directly from the activities listed in the Logframe,,Esto debe provenir directamente de las actividades enumeradas en el Logframe,,,,,
Project Description,,Descripción del proyecto,,,,,
If Rejected: Rejection Letter Sent?,,Si se rechaza: ¿Carta de rechazo enviada?,,,,,
If yes attach copy,,"Si es así, adjuntar copia",,,,,
Project COD #,,Número COD de proyecto,,,,,
Activity design for,,Diseño de actividad para,,,,,
LIN Code,,Código LIN,,,,,
Staff Responsible,,Personal responsable,,,,,
Are there partners involved?,,¿Hay socios involucrados?,,,,,
Name of Partners,,Nombre de los socios,,,,,
What is the anticipated Outcome or Goal?,,¿Cuál es el resultado u objetivo previsto?,,,,,
Expected starting date,,Fecha de inicio prevista,,,,,
Expected ending date,,Fecha de finalización esperada,,,,,
Expected duration,,Duración esperada,,,,,
[MONTHS]/[DAYS],,[MESES]/[DÍAS],,,,,
Type of direct beneficiaries,,Tipo de beneficiarios directos,,,,,
"i.e. Farmer, Association, Student, Govt, etc.",,"es decir, granjero, asociación, estudiante, gobierno, etc.",,,,,
Estimated number of direct beneficiaries,,Número estimado de beneficiarios directos,,,,,
Please provide achievable estimates as we will use these as our 'Targets',,Proporcione estimaciones alcanzables ya que las usaremos como nuestros 'Objetivos',,,,,
Refer to Form 01 - Community Profile,,Consulte el formulario 01 - Perfil de la comunidad,,,,,
Estimated Number of indirect beneficiaries,,Número estimado de beneficiarios indirectos,,,,,
This is a calculation - multiply direct beneficiaries by average household size,,Este es un cálculo: multiplique los beneficiarios directos por el tamaño promedio del hogar,,,,,
Total Project Budget,,Presupuesto total del proyecto,,,,,
In USD,,En USD,,,,,
Organizations portion of Project Budget,,Porción de las organizaciones del presupuesto del proyecto,,,,,
Estimated Total in Local Currency,,Total estimado en moneda local,,,,,
In Local Currency,,En moneda local,,,,,
Estimated Organization Total in Local Currency,,Total estimado de la organización en moneda local,,,,,
Total portion of estimate for your agency,,Porción total de la estimación para su agencia,,,,,
Local Currency exchange rate to USD,,Tasa de cambio de moneda local a USD,,,,,
Date of exchange rate,,Fecha de tasa de cambio,,,,,
Community Representative,,Representante de la comunidad,,,,,
Community Representative Contact,,Contacto del representante de la comunidad,,,,,
Community Mobilizer,,Movilizador comunitario,,,,,
Community Mobilizer Contact Number,,Número de contacto del movilizador comunitario,,,,,
Community Proposal,,Propuesta comunitaria,,,,,
Estimated # of Male Trained,,Número estimado de hombres entrenados,,,,,
Estimated # of Female Trained,,Número estimado de mujeres entrenadas,,,,,
Estimated Total # Trained,,Número total estimado de personas entrenadas,,,,,
Estimated # of Trainings Conducted,,Número estimado de capacitaciones realizadas,,,,,
Type of Items Distributed,,Tipo de elementos distribuidos,,,,,
Estimated # of Items Distributed,,Cantidad estimada de elementos distribuidos,,,,,
Estimated # of Male Laborers,,Número estimado de hombres trabajadores,,,,,
Estimated # of Female Laborers,,Número estimado de mujeres trabajadoras,,,,,
Estimated Total # of Laborers,,Cantidad total estimada de trabajadores,,,,,
Estimated # of Project Days,,Número estimado de días del proyecto,,,,,
Estimated # of Person Days,,Número estimado de días de personas,,,,,
Estimated Total Cost of Materials,,Costo total estimado de los materiales,,,,,
Estimated Wages Budgeted,,Salarios estimados presupuestados,,,,,
Estimation date,,Fecha de estimación,,,,,
Checked by,,Revisado por,,,,,
Finance reviewed by,,Finanzas revisadas por,,,,,
Date Reviewed by Finance,,Fecha revisada por Finanzas,,,,,
M&E Reviewed by,,M & E revisado por,,,,,
Date Reviewed by M&E,,Fecha revisada por M & E,,,,,
Sustainability Plan,,Plan de sostenibilidad,,,,,
Date Approved,,Fecha aprobada,,,,,
Approval Remarks,,Observaciones de aprobación,,,,,
General Background and Problem Statement,,Antecedentes generales y declaración del problema,,,,,
Risks and Assumptions,,Riesgos y suposiciones,,,,,
Description of Stakeholder Selection Criteria,,Descripción de los criterios de selección de las partes interesadas,,,,,
Description of project activities,,Descripción de las actividades del proyecto,,,,,
Description of government involvement,,Descripción de la participación del gobierno,,,,,
Description of community involvement,,Descripción de la participación de la comunidad,,,,,
Describe the project you would like the program to consider,,Describa el proyecto que desea que el programa considere,,,,,
Last Edit Date,,Última fecha de edición,,,,,
Expected start date,,Fecha de inicio esperada,,,,,
Imported from Project Initiation,,Importado desde el inicio del proyecto,,,,,
Expected end date,,Fecha de finalización esperada,,,,,
Imported Project Initiation,,Iniciación de proyectos importados,,,,,
Expected Duration,,Duración esperada,,,,,
Actual start date,,Fecha de inicio real,,,,,
Actual end date,,Fecha de finalización real,,,,,
Actual duaration,,Duración real,,,,,
If not on time explain delay,,"Si no está a tiempo, explique la demora",,,,,
Estimated Budget,,Presupuesto estimado,,,,,
Actual Cost,,Costo real,,,,,
Actual cost date,,Fecha de costo real,,,,,
Budget versus Actual variance,,Presupuesto frente a la varianza real,,,,,
Explanation of variance,,Explicación de la varianza,,,,,
Estimated Budget for Organization,,Presupuesto estimado para la organización,,,,,
Actual Cost for Organization,,Costo real de la organización,,,,,
Actual Direct Beneficiaries,,Beneficiarios directos reales,,,,,
Number of Jobs Created,,Número de empleos creados,,,,,
Part Time Jobs,,Trabajos de medio tiempo,,,,,
Full Time Jobs,,Trabajos a tiempo completo,,,,,
Progress against Targets (%),,Progreso contra objetivos (%),,,,,
Government Involvement,,Participación del gobierno,,,,,
Community Involvement,,Participación de la comunidad,,,,,
CommunityHandover/Sustainability Maintenance Plan,,Plan de CommunityHandover/mantenimiento de la sostenibilidad,,,,,
Check box if it was completed,,Marque la casilla si se completó,,,,,
Describe how sustainability was ensured for this project,,Describa cómo se aseguró la sostenibilidad para este proyecto,,,,,
How was quality assured for this project,,Cómo se aseguró la calidad de este proyecto,,,,,
Lessons learned,,Lecciones aprendidas,,,,,
Estimated by,,Estimado por,,,,,
Reviewed by,,Revisado por,,,,,
Project Tracking,,Seguimiento de proyecto,,,,,
"Link to document, document repository, or document URL",,"Enlace al documento, repositorio de documentos o URL del documento",,,,,
%% complete,,%% completado,,,,,
%% cumulative completion,,%% de finalización acumulativa,,,,,
Est start date,,Fecha estimada de inicio,,,,,
Est end date,,Fecha estimada de finalización,,,,,
site,,sitio,,,,,
Complete,,Completar,,,,,
Project Components,,Componentes del proyecto,,,,,
Person Responsible,,Persona responsable,,,,,
complete,,completar,,,,,
Monitors,,Monitores,,,,,
Contributor,,Contribuyente,,,,,
Description of contribution,,Descripción de la contribución,,,,,
Item,,Elemento,,,,,
Checklist,,Lista de verificación,,,,,
Checklist Item,,Elemento de la lista de verificación,,,,,
Reporting period must start on the first of the month,,El período de informe debe comenzar el primero de mes,,,,,
Reporting period start date cannot be changed while time-aware periodic targets are in place,,La fecha de inicio del período de informe no puede ser cambiada mientras haya objetivos periódicos basados en tiempo,,,,,
Reporting period must end on the last day of the month,,El período de informe debe terminar el último día de mes,,,,,
Reporting period must end after the start of the last target period,,El período de informe debe terminar después del inicio del último período objetivo,,,,,
Reporting period must start before reporting period ends,,El período de informe debe comenzar antes que su fecha de finalización,,,,,
You must select a reporting period end date,,Debe seleccionar una fecha de finalización para el período de informe,,,,,
Find,,Encontrar,,,,,"#. Translators: Used as a verb, a button label for a search function"
"City, Country:",,"Ciudad, País:",,,,,
,,,,,,,
,,,,,,,
,,,,,,,
,,,,,,,
,,,,,,,
,,,,,,,
,,,,,,,
,,,,,,,
,,,,,,,
,,,,,,,
,,,,,,,
,,,,,,,
,,,,,,,
,,,,,,,
,,,,,,,
,,,,,,,
,,,,,,,
,,,,,,,
,,,,,,,
,,,,,,,
,,,,,,,
,,,,,,,
,,,,,,,
,,,,,,,
,,,,,,,
,,,,,,,
,,,,,,,
,,,,,,,
,,,,,,,
,,,,,,,
,,,,,,,
,,,,,,,
,,,,,,,
,,,,,,,
,,,,,,,
,,,,,,,
,,,,,,,
,,,,,,,
,,,,,,,
,,,,,,,
,,,,,,,
,,,,,,,
,,,,,,,
,,,,,,,
,,,,,,,
,,,,,,,
,,,,,,,
,,,,,,,
,,,,,,,
,,,,,,,
,,,,,,,
,,,,,,,
,,,,,,,
,,,,,,,
,,,,,,,
,,,,,,,
,,,,,,,
,,,,,,,
,,,,,,,
,,,,,,,
,,,,,,,
,,,,,,,
,,,,,,,
,,,,,,,
,,,,,,,
,,,,,,,
,,,,,,,
,,,,,,,
,,,,,,,
,,,,,,,
,,,,,,,
,,,,,,,
,,,,,,,
,,,,,,,
,,,,,,,
,,,,,,,
,,,,,,,
,,,,,,,
,,,,,,,
,,,,,,,
,,,,,,,
,,,,,,,
,,,,,,,
,,,,,,,
,,,,,,,
,,,,,,,
,,,,,,,
,,,,,,,
,,,,,,,
,,,,,,,
,,,,,,,
,,,,,,,
,,,,,,,
,,,,,,,
,,,,,,,
,,,,,,,
,,,,,,,
,,,,,,,
,,,,,,,
,,,,,,,
,,,,,,,
,,,,,,,
,,,,,,,
,,,,,,,
,,,,,,,
,,,,,,,
,,,,,,,
,,,,,,,
,,,,,,,
,,,,,,,
,,,,,,,
,,,,,,,
,,,,,,,
,,,,,,,
,,,,,,,
,,,,,,,
,,,,,,,
,,,,,,,
,,,,,,,
,,,,,,,
,,,,,,,
,,,,,,,
,,,,,,,
,,,,,,,
,,,,,,,
,,,,,,,
,,,,,,,
,,,,,,,
,,,,,,,
,,,,,,,
,,,,,,,
,,,,,,,
,,,,,,,
,,,,,,,
,,,,,,,
,,,,,,,
,,,,,,,
,,,,,,,
,,,,,,,
,,,,,,,
,,,,,,,
,,,,,,,
,,,,,,,
,,,,,,,
,,,,,,,
,,,,,,,
,,,,,,,
,,,,,,,
,,,,,,,
,,,,,,,
,,,,,,,
,,,,,,,
,,,,,,,
,,,,,,,
,,,,,,,
,,,,,,,
,,,,,,,
,,,,,,,
,,,,,,,
,,,,,,,
,,,,,,,
,,,,,,,
,,,,,,,
,,,,,,,
,,,,,,,
,,,,,,,
,,,,,,,
,,,,,,,
,,,,,,,
,,,,,,,
,,,,,,,
